id	display_name	description	biotype	start	end	seq_region_name	exons_n	transcripts_n	single_exon_isoforms
ENSGALG00000029837	OST4	oligosaccharyltransferase complex subunit 4, non-catalytic [Source:NCBI gene;Acc:100526758]	protein_coding	104460533	104460646	3	1	1	ENSGALT00000057084
ENSGALG00000033927	MFSD5	major facilitator superfamily domain containing 5 [Source:NCBI gene;Acc:777286]	protein_coding	7200842	7202344	33	1	1	ENSGALT00000069025
ENSGALG00000035863			protein_coding	108737269	108737544	2	1	1	ENSGALT00000050894
ENSGALG00000023348	HPDL	4-hydroxyphenylpyruvate dioxygenase-like [Source:NCBI gene;Acc:101748258]	protein_coding	21383947	21385536	8	1	1	ENSGALT00000038457
ENSGALG00000033781	FEN1	flap structure-specific endonuclease 1 [Source:NCBI gene;Acc:769677]	protein_coding	488088	490498	5	1	1	ENSGALT00000065146
ENSGALG00000039989	GPR160	G protein-coupled receptor 160 [Source:NCBI gene;Acc:424992]	protein_coding	20022139	20024015	9	1	1	ENSGALT00000046350
