id	display_name	description	biotype	start	end	seq_region_name	exons_n	transcripts_n	single_exon_isoforms
ENSMODG00000009694	ISLR	immunoglobulin superfamily containing leucine-rich repeat protein [Source:NCBI gene;Acc:100029479]	protein_coding	21825247	21826503	1	1	1	ENSMODT00000012343
ENSMODG00000023914	ARF6	ADP ribosylation factor 6 [Source:NCBI gene;Acc:100024405]	protein_coding	277879830	277880357	1	1	1	ENSMODT00000033796
ENSMODG00000008527			protein_coding	423581695	423582855	1	1	1	ENSMODT00000032078
ENSMODG00000013226			protein_coding	279352653	279354362	2	1	1	ENSMODT00000016850
ENSMODG00000018567			protein_coding	321543275	321545593	2	1	1	ENSMODT00000023578
ENSMODG00000006493			protein_coding	444144006	444144536	2	1	1	ENSMODT00000025627
ENSMODG00000010574		eukaryotic translation elongation factor 1 alpha 1 [Source:NCBI gene;Acc:100016447]	protein_coding	515437232	515439113	2	1	1	ENSMODT00000013489
ENSMODG00000023787	TSSK6	testis specific serine kinase 6 [Source:NCBI gene;Acc:100616823]	protein_coding	449981793	449982611	3	1	1	ENSMODT00000033198
ENSMODG00000039204		mas-related G-protein coupled receptor member D-like [Source:NCBI gene;Acc:100028856]	protein_coding	496353483	496354499	3	1	1	ENSMODT00000004666
ENSMODG00000038188		zinc finger protein OZF-like [Source:NCBI gene;Acc:103099696]	protein_coding	526352092	526353582	3	1	1	ENSMODT00000016288
ENSMODG00000038167	H2AX	H2A histone family, member X [Source:NCBI gene;Acc:100024720]	protein_coding	230871914	230872351	4	1	1	ENSMODT00000032138
ENSMODG00000039434		40S ribosomal protein S4 [Source:NCBI gene;Acc:100016216]	protein_coding	274004312	274005103	4	1	1	ENSMODT00000035237
ENSMODG00000036414		olfactory receptor 51B6-like [Source:NCBI gene;Acc:100022151]	protein_coding	352334493	352335416	4	1	1	ENSMODT00000029188
ENSMODG00000049449		olfactory receptor 52N4-like [Source:NCBI gene;Acc:100021318]	protein_coding	353350926	353351891	4	1	1	ENSMODT00000029160
ENSMODG00000025017		phosphoglycerate kinase 1-like [Source:NCBI gene;Acc:100014733]	protein_coding	101156239	101157492	5	1	1	ENSMODT00000038186
ENSMODG00000025045	GPR18	G protein-coupled receptor 18 [Source:NCBI gene;Acc:103094371]	protein_coding	98619678	98620670	7	1	1	ENSMODT00000009989
ENSMODG00000016070			protein_coding	231970870	231972081	7	1	1	ENSMODT00000036625
ENSMODG00000025433	ZBED4	zinc finger BED-type containing 4 [Source:NCBI gene;Acc:100024978]	protein_coding	7434992	7438513	8	1	1	ENSMODT00000039776
ENSMODG00000024260		COMM domain-containing protein 6-like [Source:NCBI gene;Acc:100013789]	protein_coding	209972312	209972569	8	1	1	ENSMODT00000035327
ENSMODG00000009006	SLC10A3	solute carrier family 10 member 3 [Source:NCBI gene;Acc:100022624]	protein_coding	3365747	3367138	X	1	1	ENSMODT00000039694
ENSMODG00000006990			protein_coding	23143546	23144730	X	1	1	ENSMODT00000008835
ENSMODG00000004387	GJB1	gap junction protein beta 1 [Source:NCBI gene;Acc:100011317]	protein_coding	70010810	70011661	X	1	1	ENSMODT00000005521
